Agma Traina												agma@icmc.usp.br
Alberto Abello												aabello@essi.upc.edu
Alexander Faithfull												alef@itu.dk
Andrea		Esuli												andrea.esuli@isti.cnr.it
Andreas		Zuiofle												azufle@gmu.edu
Angello		Hoyos												ajhoyos@cicese.mx
Arthur		Zimek												 zimek@imada.sdu.dk
Arvind	Ram	Anantharam												aranantharam@cs.stonybrook.edu
Arwa		Wali												amw7@njit.edu
Ayman		Alserafi												alserafi@essi.upc.edu
Beng	Chin	Ooi												ooibc@comp.nus.edu.sg
Benjamin		Bustos												bebustos@dcc.uchile.cl
Bin		Cui												bin.cui@pku.edu.cn
Caetano		Traina												caetano@icmc.usp.br
Cech		Premysl												martin.webovastranka.cz@ceskatelevize.cz
Chavez		Edgar												elchavez@cicese.mx
Christian		Beecks												beecks@cs.rwth-aachen.de
Claudio		Gennaro												claudio.gennaro@isti.cnr.it
Daniel		Keim												keim@dbvis.inf.uni-konstanz.de
Daniel		Seebacher												daniel.seebacher@uni-konstanz.de
David		Novak												david.novak@fi.muni.cz
Deepak		P.												D.Padmanabhan@qub.ac.uk
Eric		Tellez												eric.tellez@infotec.com.mx
Erich		Schubert												 schubert@informatik.uni-heidelberg.de
Erik		Bernhardsson												mail@erikbern.com
Evelyn		Kirner												evelyn.kirner@campus.lmu.de
Fabrizio		Falchi												fabrizio.falchi@isti.cnr.it
Fausto		Rabitti												fausto.rabitti@isti.cnr.it
Felix		Borutta												borutta@dbs.ifi.lmu.de
Filip		Nalepa												f.nalepa@gmail.com
Giuseppe		Amato												giuseppe.amato@isti.cnr.it
Guoliang		Li												li+guoliang@tsinghua.edu.cn
Halldor		Janetzko												halldor.janetzko@geo.uzh.ch
Haochen		Chen												haocchen@cs.stonybrook.edu
Henning		Mueller												henning.mueller@hevs.ch
Hiroki		Arimura												arim@ist.hokudai.ac.jp
J.		Puglisi												puglisi@cs.helsinki.fi
Jakub		Loko												lokoc@ksi.mff.cuni.cz
Johann-Christoph		Freytag												freytag@dbis.informatik.hu-berlin.de
Johannes		Haubler												haubler@dbvis.inf.uni-konstanz.de
Kai		Driessen												driessen@cs.rwth-aachen.de
Kazuki		Ishiyama												kazuki_ishiyama@mist.i.u-tokyo.ac.jp
Kennes		Peter												peter.knees@tuwien.ac.at
Koji		Kobayashi												kobaya@nii.ac.jp
Kunihika		Sadakane												sada@mist.i.u-tokyo.ac.jp
Laurent		Amsaleg												Laurent.Amsaleg@irisa.fr
Lei		Chem												leichen@cse.ust.hk
Lucia		Vadicamo												lucia.vadicamo@isti.cnr.it
Magnus		Hetland												mlh@ntnu.no
Manuel		Stein												stein@dbvis.inf.uni-konstanz.de
Marco		Patella												 marco.patella@unibo.it
Marco		Patella												marco.patella@unibo.it
Markus		Schedl												markus.schedl@jku.at
Martin		Aumuller												maau@itu.dk
Mateusz		Pawlik												mateusz.pawlik@sbg.ac.at
Matthew		Skala												mskala@northcoastsynthesis.com
Merih	Seran	Uysal												uysal@cs.rwth-aachen.deuysal
Michael		Houle												meh@nii.ac.jp
Michael		Gertz												gertz@informatik.uni-heidelberg.de
Michal		Batko												batko@fi.muni.cz
Michel		Crucianu												Michel.Crucianu@cnam.fr
Milo 		Radovanovic												 radacha@dmi.uns.ac.rs
Mirela		Cazzolato												mirelac@usp.br
Natan		Laverde												laverde@usp.br
Nenad		Toma Sev											nenad.tomasev@ijs.si
Nikolaus		Augsten												nikolaus.augsten@sbg.ac.at
Oscar		Pedreira												opedreira@udc.es
Oscar		Romero												oromero@essi.upc.edu
Paolo		Ciaccia												paolo.ciaccia@unibo.it
Pavel		Zezula												zezula@fi.muni.cz
Peer		Kroger												kroeger@dbs.ifi.lmu.de
Rasmus		Pagh												pagh@itu.dk
Richard		Connor												richard.connor@strath.ac.uk
Rui		Mao												mao@szu.edu.cn
Selcuk		Candan												candan@asu.edu
Stefam		Schwarz												stefan.schwarz@tuwien.ac.at
Stephane		Marchand-Maillet												Stephane.Marchand-Maillet@unige.ch
Steven		Skiena												skiena@cs.stonybrook.edu
Takashi		Washio												washio@ar.sanken.osaka-u.ac.jp
Thomas		Seidl												seidl@dbs.ifi.lmu.de
Tobias		Brockhoff												brockhoff@cs.rwth-aachen.de
Tobias		Schreck												tobias.schreck@cgv.tugraz.at
Tomas		Grosup												grosup@ksi.mff.cuni.cz
Tomas		Pevny												tomas.pevny@agents.felk.cvut.cz
Tomas		Skopal												skopal@ksi.mff.cuni.cz
Toon		Calders												toon.calders@ulb.ac.be
Ubaldo		Ruiz												uruiz@cicese.mx
Vincent		Oria												vincent.Oria@njit.edu
Vladimir		Mic												xmic@fi.muni.cz
Yasin		Silva												ysilva@asu.edu
Yasuo		Tabei												yasuo.tabei@riken.jp
Yoshiharu		Ishikawa												ishikawa@i.nagoya-u.ac.jp
Zhi-Hua		Zhou												zhouzh.gm@gmail.com
